id,firstName,lastName,email,gender,contactNo,country,dob
1,Dud,israk,disha@gmail.com,male,99008877,Bangladesh,24-09-1987
2,Dud,israk,disha@gmail.com,male,99008877,Bangladesh,24-09-1988
3,Dud,israk,disha@gmail.com,male,99008877,Bangladesh,24-09-1989
4,Dud,israk,disha@gmail.com,male,99008877,Bangladesh,24-09-1990
5,Dud,israk,disha@gmail.com,male,99008877,Bangladesh,24-09-1991
6,Dud,israk,disha@gmail.com,male,99008877,Bangladesh,24-09-1992
7,Dud,israk,disha@gmail.com,male,99008877,Bangladesh,24-09-1993
8,Dud,israk,disha@gmail.com,male,99008877,Bangladesh,24-09-1994
9,Dud,israk,disha@gmail.com,male,99008877,Bangladesh,24-09-1995
10,Dud,israk,disha@gmail.com,male,99008877,Bangladesh,24-09-1996
11,Dud,israk,disha@gmail.com,male,99008877,Bangladesh,24-09-1997
12,Dud,israk,disha@gmail.com,male,99008877,Bangladesh,24-09-1998
13,Dud,israk,disha@gmail.com,male,99008877,Bangladesh,24-09-1999
14,Dud,israk,disha@gmail.com,male,99008877,Bangladesh,24-09-2000
15,Dud,israk,disha@gmail.com,male,99008877,Bangladesh,24-09-2001
16,Dud,israk,disha@gmail.com,male,99008877,Bangladesh,24-09-2002
17,Dud,israk,disha@gmail.com,male,99008877,Bangladesh,24-09-2003
18,Dud,israk,disha@gmail.com,male,99008877,Bangladesh,24-09-2004
19,Dud,israk,disha@gmail.com,male,99008877,Bangladesh,24-09-2005
20,Dud,israk,disha@gmail.com,male,99008877,Bangladesh,24-09-2006
21,Dud,israk,disha@gmail.com,male,99008877,Bangladesh,24-09-2007
22,Dud,israk,disha@gmail.com,male,99008877,Bangladesh,24-09-2008
23,Dud,israk,disha@gmail.com,male,99008877,Bangladesh,24-09-2009
24,Dud,israk,disha@gmail.com,male,99008877,Bangladesh,24-09-2010
25,Dud,israk,disha@gmail.com,male,99008877,Bangladesh,24-09-2011
26,Dud,israk,disha@gmail.com,male,99008877,Bangladesh,24-09-2012
27,Dud,israk,disha@gmail.com,male,99008877,Bangladesh,24-09-2013
28,Dud,israk,disha@gmail.com,male,99008877,Bangladesh,24-09-2014
29,Dud,israk,disha@gmail.com,male,99008877,Bangladesh,24-09-2015
30,Dud,israk,disha@gmail.com,male,99008877,Bangladesh,24-09-2016
31,Dud,israk,disha@gmail.com,male,99008877,Bangladesh,24-09-2017
32,Dud,israk,disha@gmail.com,male,99008877,Bangladesh,24-09-2018
33,Dud,israk,disha@gmail.com,male,99008877,Bangladesh,24-09-2019
34,Dud,israk,disha@gmail.com,male,99008877,Bangladesh,24-09-2020
35,Dud,israk,disha@gmail.com,male,99008877,Bangladesh,24-09-2021
36,Dud,israk,disha@gmail.com,male,99008877,Bangladesh,24-09-2022
37,Dud,israk,disha@gmail.com,male,99008877,Bangladesh,24-09-2023
38,Dud,israk,disha@gmail.com,male,99008877,Bangladesh,24-09-2024
39,Dud,israk,disha@gmail.com,male,99008877,Bangladesh,24-09-2025
40,Dud,israk,disha@gmail.com,male,99008877,Bangladesh,24-09-2026
41,Dud,israk,disha@gmail.com,male,99008877,Bangladesh,24-09-2027
42,Dud,israk,disha@gmail.com,male,99008877,Bangladesh,24-09-2028
43,Dud,israk,disha@gmail.com,male,99008877,Bangladesh,24-09-2029
44,Dud,israk,disha@gmail.com,male,99008877,Bangladesh,24-09-2030
45,Dud,israk,disha@gmail.com,male,99008877,Bangladesh,24-09-2031
46,Dud,israk,disha@gmail.com,male,99008877,Bangladesh,24-09-2032
47,Dud,israk,disha@gmail.com,male,99008877,Bangladesh,24-09-2033
48,Dud,israk,disha@gmail.com,male,99008877,Bangladesh,24-09-2034
49,Dud,israk,disha@gmail.com,male,99008877,Bangladesh,24-09-2035
50,Dud,israk,disha@gmail.com,male,99008877,Bangladesh,24-09-2036
51,Dud,israk,disha@gmail.com,male,99008877,Bangladesh,24-09-2037
52,Dud,israk,disha@gmail.com,male,99008877,Bangladesh,24-09-2038
53,Dud,israk,disha@gmail.com,male,99008877,Bangladesh,24-09-2039
54,Dud,israk,disha@gmail.com,male,99008877,Bangladesh,24-09-2040
55,Dud,israk,disha@gmail.com,male,99008877,Bangladesh,24-09-2041
56,Dud,israk,disha@gmail.com,male,99008877,Bangladesh,24-09-2042
57,Dud,israk,disha@gmail.com,male,99008877,Bangladesh,24-09-2043
58,Dud,israk,disha@gmail.com,male,99008877,Bangladesh,24-09-2044
59,Dud,israk,disha@gmail.com,male,99008877,Bangladesh,24-09-2045
60,Dud,israk,disha@gmail.com,male,99008877,Bangladesh,24-09-2046
61,Dud,israk,disha@gmail.com,male,99008877,Bangladesh,24-09-2047
62,Dud,israk,disha@gmail.com,male,99008877,Bangladesh,24-09-2048
63,Dud,israk,disha@gmail.com,male,99008877,Bangladesh,24-09-2049
64,Dud,israk,disha@gmail.com,male,99008877,Bangladesh,24-09-2050
65,Dud,israk,disha@gmail.com,male,99008877,Bangladesh,24-09-2051
66,Dud,israk,disha@gmail.com,male,99008877,Bangladesh,24-09-2052
67,Dud,israk,disha@gmail.com,male,99008877,Bangladesh,24-09-2053
68,Dud,israk,disha@gmail.com,male,99008877,Bangladesh,24-09-2054
69,Dud,israk,disha@gmail.com,male,99008877,Bangladesh,24-09-2055
70,Dud,israk,disha@gmail.com,male,99008877,Bangladesh,24-09-2056
71,Dud,israk,disha@gmail.com,male,99008877,Bangladesh,24-09-2057
72,Dud,israk,disha@gmail.com,male,99008877,Bangladesh,24-09-2058
73,Dud,israk,disha@gmail.com,male,99008877,Bangladesh,24-09-2059
74,Dud,israk,disha@gmail.com,male,99008877,Bangladesh,24-09-2060
75,Dud,israk,disha@gmail.com,male,99008877,Bangladesh,24-09-2061
76,Dud,israk,disha@gmail.com,male,99008877,Bangladesh,24-09-2062
77,Dud,israk,disha@gmail.com,male,99008877,Bangladesh,24-09-2063
78,Dud,israk,disha@gmail.com,male,99008877,Bangladesh,24-09-2064
79,Dud,israk,disha@gmail.com,male,99008877,Bangladesh,24-09-2065
80,Dud,israk,disha@gmail.com,male,99008877,Bangladesh,24-09-2066
81,Dud,israk,disha@gmail.com,male,99008877,Bangladesh,24-09-2067
82,Dud,israk,disha@gmail.com,male,99008877,Bangladesh,24-09-2068
83,Dud,israk,disha@gmail.com,male,99008877,Bangladesh,24-09-2069
84,Dud,israk,disha@gmail.com,male,99008877,Bangladesh,24-09-2070
85,Dud,israk,disha@gmail.com,male,99008877,Bangladesh,24-09-2071
86,Dud,israk,disha@gmail.com,male,99008877,Bangladesh,24-09-2072
87,Dud,israk,disha@gmail.com,male,99008877,Bangladesh,24-09-2073
88,Dud,israk,disha@gmail.com,male,99008877,Bangladesh,24-09-2074
89,Dud,israk,disha@gmail.com,male,99008877,Bangladesh,24-09-2075
90,Dud,israk,disha@gmail.com,male,99008877,Bangladesh,24-09-2076
91,Dud,israk,disha@gmail.com,male,99008877,Bangladesh,24-09-2077
92,Dud,israk,disha@gmail.com,male,99008877,Bangladesh,24-09-2078
93,Dud,israk,disha@gmail.com,male,99008877,Bangladesh,24-09-2079
94,Dud,israk,disha@gmail.com,male,99008877,Bangladesh,24-09-2080
95,Dud,israk,disha@gmail.com,male,99008877,Bangladesh,24-09-2081
96,Dud,israk,disha@gmail.com,male,99008877,Bangladesh,24-09-2082
97,Dud,israk,disha@gmail.com,male,99008877,Bangladesh,24-09-2083
98,Dud,israk,disha@gmail.com,male,99008877,Bangladesh,24-09-2084
99,Dud,israk,disha@gmail.com,male,99008877,Bangladesh,24-09-2085